,% threshold,Clean Acc (%),Bad SR (%)
0,2,97.50584567420108,100.0
1,4,94.90257209664848,99.98441153546376
2,10,89.68043647700702,80.6469212782541
